fund,horizon,model,mapping,n,oos_r2,rmse,mae
SSO,5,q_raw,intercept,3198,0.3000649190269393,0.0017998914233682826,0.0007714724936336073
SSO,5,q_raw,rate,3198,0.32515681317133494,0.0017673349291160913,0.0007208124253952045
SSO,5,q_mz,intercept,3198,0.26832133347349196,0.0018402533765866957,0.0008256323401920213
SSO,5,q_mz,rate,3198,0.3184776077051993,0.0017760594215235413,0.0007029481082311192
SSO,5,har4,intercept,3198,0.24210780894721418,0.00187292826231651,0.00079973349569906
SSO,5,har4,rate,3198,0.2802070523283454,0.0018252452235595561,0.0007060200341894845
SSO,5,harq,intercept,3198,0.26917755893827156,0.0018391763101669593,0.000813969340476023
SSO,5,harq,rate,3198,0.31513757904840156,0.0017804061892445562,0.0006940456870171899
SSO,5,harqts,intercept,3198,0.3147672269723013,0.001780887518041265,0.0007782452650908982
SSO,5,harqts,rate,3198,0.35555910248266753,0.0017270661567564116,0.0006756769037792261
UPRO,5,q_raw,intercept,3198,0.3209722350858172,0.005130547929548421,0.0017138737860422837
UPRO,5,q_raw,rate,3198,0.32906149767342197,0.005099896240622387,0.00170379478785916
UPRO,5,q_mz,intercept,3198,0.28558170612692513,0.005262550377221537,0.0018380748525525174
UPRO,5,q_mz,rate,3198,0.3107296546748409,0.00516909816594612,0.0016081189686642963
UPRO,5,har4,intercept,3198,0.2461214341924719,0.00540593327179277,0.0017802783234194658
UPRO,5,har4,rate,3198,0.263068913915223,0.005344824152327927,0.0016389894209188063
UPRO,5,harq,intercept,3198,0.2776173745856444,0.005291802520038431,0.0018148638135906503
UPRO,5,harq,rate,3198,0.2999241118749222,0.005209458022376395,0.001594758329335012
UPRO,5,harqts,intercept,3198,0.32448310453909546,0.005117267156154006,0.00169271752330036
UPRO,5,harqts,rate,3198,0.3431863059949052,0.005045928383053553,0.0015219308849742743
SDS,5,q_raw,intercept,3198,0.32883798277103227,0.004657821746291818,0.0021617697452548166
SDS,5,q_raw,rate,3198,0.3937220660378117,0.004426954515022452,0.0015618809950163326
SDS,5,q_mz,intercept,3198,0.3263863148727164,0.0046663212012189375,0.0018998179801065528
SDS,5,q_mz,rate,3198,0.3609496087950853,0.0045450297611126156,0.0014520750971258945
SDS,5,har4,intercept,3198,0.1766258019441651,0.005159027056793837,0.002035070628439649
SDS,5,har4,rate,3198,0.22590126892067475,0.0050022726183024235,0.001512622181049166
SDS,5,harq,intercept,3198,0.23603702337724497,0.0049694157823334225,0.0019343349743230485
SDS,5,harq,rate,3198,0.27587554380684687,0.004838110536808175,0.0014672903656338789
SDS,5,harqts,intercept,3198,0.2871746234607391,0.004800215720619975,0.001926932654929342
SDS,5,harqts,rate,3198,0.33332949272649925,0.004642210186939008,0.0014155438108946982
SPXU,5,q_raw,intercept,3198,0.35832874723979014,0.008824104794127983,0.0037961348753774967
SPXU,5,q_raw,rate,3198,0.3935223920185904,0.008578705338289142,0.003033147595250013
SPXU,5,q_mz,intercept,3198,0.35568693843754484,0.00884225088761611,0.00324830618990231
SPXU,5,q_mz,rate,3198,0.36900347725426397,0.008750398841641742,0.002742619194216139
SPXU,5,har4,intercept,3198,0.20282839404464537,0.009835360348459152,0.0035032169385644197
SPXU,5,har4,rate,3198,0.22678240356038104,0.009686463136008324,0.0028744707269378845
SPXU,5,harq,intercept,3198,0.2622425082343093,0.009461743700982635,0.003310534652644083
SPXU,5,harq,rate,3198,0.2793966922258362,0.009351095475813389,0.00276761927796343
SPXU,5,harqts,intercept,3198,0.31838725095108145,0.009094591946671346,0.003279478606434381
SPXU,5,harqts,rate,3198,0.34010726317643325,0.008948516427407335,0.002656110132773436
SSO,22,q_raw,intercept,3164,0.1947881516116866,0.006192615835462271,0.0025803458819641406
SSO,22,q_raw,rate,3164,0.2562910948432716,0.005951419333801125,0.002280508728925568
SSO,22,q_mz,intercept,3164,0.13397725898958857,0.006422198263560888,0.0025840696282329267
SSO,22,q_mz,rate,3164,0.2275565441294073,0.006065301718412167,0.001923673246374718
SSO,22,har4,intercept,3164,0.1266693860561895,0.006449237977880476,0.0025259629718867257
SSO,22,har4,rate,3164,0.20576197410610886,0.006150273068701675,0.0020292445646412083
SSO,22,harq,intercept,3164,0.14714682907324672,0.006373180151011238,0.0025950529738759196
SSO,22,harq,rate,3164,0.23596210904595816,0.0060322107903111105,0.0019572370198769704
SSO,22,harqts,intercept,3164,0.16085481517581424,0.0063217543206095655,0.0025119374748348695
SSO,22,harqts,rate,3164,0.24283804716911506,0.0060050060868920285,0.001961684325698097
UPRO,22,q_raw,intercept,3164,0.19152667145010727,0.018591607425355983,0.006695035841333889
UPRO,22,q_raw,rate,3164,0.21468740128530217,0.018323370967353658,0.006652866531856156
UPRO,22,q_mz,intercept,3164,0.14196749147056686,0.019152962705255513,0.006380172423582765
UPRO,22,q_mz,rate,3164,0.1861407725352101,0.018653431546113052,0.005477670421755448
UPRO,22,har4,intercept,3164,0.1311795461609323,0.019272990622115918,0.006356389597570231
UPRO,22,har4,rate,3164,0.16593386881542083,0.018883580105417706,0.005862709512711386
UPRO,22,harq,intercept,3164,0.15463560244913166,0.019011048447902943,0.006439623827444817
UPRO,22,harq,rate,3164,0.19564869187432954,0.018544151984371846,0.00558635085499857
UPRO,22,harqts,intercept,3164,0.1654663444228065,0.018888871830592204,0.0062505565696987075
UPRO,22,harqts,rate,3164,0.2019623634140678,0.018471228409369933,0.005608592206410696
SDS,22,q_raw,intercept,3164,0.1865092099910608,0.017539438286813168,0.009013572328225278
SDS,22,q_raw,rate,3164,0.2825978566362667,0.016471027617676916,0.006277934998339317
SDS,22,q_mz,intercept,3164,0.19763251452690656,0.017419112383875137,0.007521697905583847
SDS,22,q_mz,rate,3164,0.2604609668265192,0.016723220305811377,0.005083719221017067
SDS,22,har4,intercept,3164,0.16070224006575062,0.017815474440373798,0.00805006735904813
SDS,22,har4,rate,3164,0.23864042111993689,0.016968141161083392,0.005575778932122159
SDS,22,harq,intercept,3164,0.20207920737973406,0.017370777263766398,0.007687797637386594
SDS,22,harq,rate,3164,0.269811070686221,0.016617166925345275,0.005255666603100794
SDS,22,harqts,intercept,3164,0.19869044921041057,0.017407624903395907,0.007839513069787002
SDS,22,harqts,rate,3164,0.2736157370009973,0.016573818317950746,0.005313513916881964
SPXU,22,q_raw,intercept,3164,0.20992959597734706,0.03365013637362462,0.0159930480135438
SPXU,22,q_raw,rate,3164,0.2593147860450118,0.03258147710135056,0.012426687059324211
SPXU,22,q_mz,intercept,3164,0.20539050196320996,0.033746660922926754,0.013130300989385101
SPXU,22,q_mz,rate,3164,0.23095849915623634,0.03319929186095629,0.010074087456954768
SPXU,22,har4,intercept,3164,0.17499471503309072,0.03438605054426272,0.01414443264555774
SPXU,22,har4,rate,3164,0.21134431162244693,0.033619995576028176,0.010993893724609122
SPXU,22,harq,intercept,3164,0.21352785646068229,0.03357342160699231,0.013429926091273829
SPXU,22,harq,rate,3164,0.2425985334226629,0.03294708548681813,0.01038531224122369
SPXU,22,harqts,intercept,3164,0.21349359270617585,0.03357415293546747,0.013663378481303645
SPXU,22,harqts,rate,3164,0.24768791445650007,0.03283620445945099,0.010471046552858727
SSO,66,q_raw,intercept,3076,-0.04182422182316681,0.015312286806669009,0.008199142078372395
SSO,66,q_raw,rate,3076,0.044577936205462465,0.014663595199509181,0.008128827334610105
SSO,66,q_mz,intercept,3076,0.025686539273126807,0.014807855958306424,0.00739755352296669
SSO,66,q_mz,rate,3076,0.2047469513118585,0.013378132754520666,0.005662729158226475
SSO,66,har4,intercept,3076,0.022405553745894258,0.014832767616616276,0.007455911878978754
SSO,66,har4,rate,3076,0.18474790223465143,0.013545305121420602,0.006055537750827403
SSO,66,harq,intercept,3076,0.033000707973403376,0.014752169984086945,0.007505676628499757
SSO,66,harq,rate,3076,0.20622186221536287,0.013365721163553496,0.005821933481878699
SSO,66,harqts,intercept,3076,0.04166967972300961,0.014685895863281085,0.007474589602565468
SSO,66,harqts,rate,3076,0.20818511597147127,0.01334918219241205,0.005948855833347054
UPRO,66,q_raw,intercept,3076,-0.07333133796227398,0.04562289665638727,0.02259386192537265
UPRO,66,q_raw,rate,3076,-0.05026484180556845,0.04513000323692512,0.02424363843347914
UPRO,66,q_mz,intercept,3076,0.03449660930345344,0.04327059355452485,0.01860939568383719
UPRO,66,q_mz,rate,3076,0.121639419821986,0.04127170107842667,0.016640696087570968
UPRO,66,har4,intercept,3076,0.02743949941172097,0.043428443526110944,0.01908908562269114
UPRO,66,har4,rate,3076,0.1030507163922092,0.04170613019054533,0.017804251032570845
UPRO,66,harq,intercept,3076,0.04126848008077033,0.04311858037500818,0.01904348333396793
UPRO,66,harq,rate,3076,0.12422838487875265,0.04121083208775799,0.017135583644760522
UPRO,66,harqts,intercept,3076,0.04856355666917622,0.042954220492483174,0.019049663916679217
UPRO,66,harqts,rate,3076,0.12684667262008376,0.04114918211892269,0.017470802503955763
SDS,66,q_raw,intercept,3076,-0.191661628332211,0.04739534212166364,0.03174211617935539
SDS,66,q_raw,rate,3076,0.015606368816736826,0.04307681475005278,0.023660268541787915
SDS,66,q_mz,intercept,3076,0.08248681855014173,0.0415877420015921,0.02251562187323661
SDS,66,q_mz,rate,3076,0.2021998430134816,0.038779860604231574,0.015670553300168512
SDS,66,har4,intercept,3076,0.04620583950641388,0.042402016874480496,0.023997607959070473
SDS,66,har4,rate,3076,0.1822039781533149,0.03926283742431046,0.016922760246381945
SDS,66,harq,intercept,3076,0.07787218228499537,0.04169219368975271,0.023175736127421905
SDS,66,harq,rate,3076,0.20317997543172295,0.03875603190512115,0.016248977622429127
SDS,66,harqts,intercept,3076,0.07340062903809175,0.041793157677908706,0.023747590558786023
SDS,66,harqts,rate,3076,0.2052426346353038,0.038705837203517654,0.01656704615750354
SPXU,66,q_raw,intercept,3076,-0.1833787305728194,0.09017752637160499,0.057726323003942245
SPXU,66,q_raw,rate,3076,-0.06787926529770205,0.08566383550314192,0.047239554860130185
SPXU,66,q_mz,intercept,3076,0.08195958429104344,0.07942684997555197,0.039946660413425907
SPXU,66,q_mz,rate,3076,0.13311347232365467,0.07718227318643482,0.03139263363796307
SPXU,66,har4,intercept,3076,0.04993315061176917,0.08080040187374624,0.04269707418556856
SPXU,66,har4,rate,3076,0.1131449361518122,0.07806615033832838,0.03382120384051205
SPXU,66,harq,intercept,3076,0.08069912308932403,0.07948135744633629,0.04111911293466153
SPXU,66,harq,rate,3076,0.13596134005578564,0.07705539053258462,0.032436730191383406
SPXU,66,harqts,intercept,3076,0.07823259429124196,0.07958791218800469,0.04211783450391407
SPXU,66,harqts,rate,3076,0.1383679803505541,0.07694800302317766,0.03309033146144992
