horizon,offset,n,r2_mean,r2_q_raw,r2_q_mz,r2_har3,r2_har4,r2_harq,r2_harqts,delta_qmz_qraw,delta_harqts_har4
5,0,640,0.0,0.3059277676441279,0.2673401692177898,0.28076504639144384,0.271069910354106,0.3465194910596494,0.36424090667261433,-0.03858759842633808,0.09317099631850834
5,1,640,0.0,0.31469468644798393,0.2600046844139441,-0.15886194782554997,-0.17112337379359155,-0.06095923439962214,-0.015775412143836487,-0.05469000203403984,0.15534796164975506
5,2,640,0.0,0.3168470113954842,0.2683724779373874,0.1373451645397551,0.12137904009250677,0.17432389210197186,0.21581813625333113,-0.048474533458096825,0.09443909616082435
5,3,639,0.0,0.3401450134599243,0.2639774925158773,-0.021538753162269053,-0.041236380450258014,0.024953644089787508,0.1962241941085523,-0.076167520944047,0.2374605745588103
5,4,639,0.0,0.5028510631157939,0.46863374845878536,0.4618946834603731,0.4481549109818683,0.5023885750383353,0.5650458317945681,-0.0342173146570085,0.1168909208126998
22,0,144,0.0,0.02977329622724889,0.08630438449549671,0.041581454739002766,0.028173324987667225,0.06877273661560457,0.053359970764449205,0.05653108826824782,0.02518664577678198
22,1,144,0.0,0.22705413683720443,0.17848202129181245,0.12279595182247516,0.10606924856663424,0.17738641328397609,0.1869588199943667,-0.04857211554539198,0.08088957142773245
22,2,144,0.0,0.2651052818110091,0.18914500484842867,0.0948126029704317,0.08361983539325146,0.18923712514582347,0.20557821134342447,-0.07596027696258045,0.121958375950173
22,3,144,0.0,0.14848378446876354,0.12033012620382388,0.13262910586379828,0.10934248326019713,0.1419696773682928,0.1372462035919504,-0.02815365826493965,0.027903720331753257
22,4,144,0.0,0.2320515613139129,0.1600610437211778,0.1478143298424307,0.13100160499716673,0.17362966865308238,0.18630089980492837,-0.07199051759273511,0.055299294807761634
22,5,144,0.0,0.16198265365143505,0.11951991679611218,0.20108523151101731,0.1876348217966861,0.13419671321739624,0.15028842815947885,-0.04246273685532287,-0.037346393637207265
22,6,144,0.0,0.2483503201919809,0.1617870946631933,0.06458801308544337,0.01563290742625989,0.17801064950022116,0.19074472284613098,-0.08656322552878759,0.1751118154198711
22,7,144,0.0,0.3036982189369919,0.19494591362091185,0.1654678297841683,0.1317289892392116,0.23577468648325262,0.23619628053784336,-0.10875230531608004,0.10446729129863175
22,8,144,0.0,0.5068362035414281,0.3419970469772774,0.36402519325464733,0.3275418686076579,0.3873227460325769,0.3951051267866935,-0.1648391565641507,0.06756325817903563
22,9,144,0.0,0.4245868400569087,0.2862234969861156,0.364421179656094,0.33375539671937904,0.351090166711407,0.3506054098400989,-0.13836334307079312,0.016850013120719876
22,10,144,0.0,0.4721115277482696,0.3432118683014671,0.3894172507107352,0.3605842612411372,0.4013439521609943,0.3868990683832433,-0.12889965944680248,0.0263148071421061
22,11,144,0.0,0.5911482649583074,0.5101897701342453,0.28978489383475625,0.27543683274970043,0.45937050976049043,0.5581920490851624,-0.08095849482406214,0.28275521633546197
22,12,144,0.0,0.3570936751512247,0.27338412781740473,0.36438499172785743,0.35414618851662294,0.3274633135752527,0.34766353050674115,-0.08370954733381997,-0.006482658009881792
22,13,144,0.0,-0.01952506370145013,0.22143609597292668,0.13128985825297312,0.1335052123912145,0.18648603199277203,0.20010166498753568,0.2409611596743768,0.06659645259632119
22,14,144,0.0,0.020602181851171242,0.18148227053256738,0.12292002651190015,0.12483188801327838,0.15525157884034302,0.17481275164090015,0.16088008868139614,0.049980863627621774
22,15,144,0.0,-0.04910612302786066,0.1305619006697416,0.08568495083239047,0.0859024175053027,0.11383972716717061,0.11305699194492203,0.17966802369760226,0.027154574439619328
22,16,144,0.0,0.025526792672480147,0.13945404328241917,0.15116351860235167,0.15221186142284227,0.15628194526904382,0.14477752590495985,0.11392725060993902,-0.007434335517882418
22,17,144,0.0,0.016391439201595692,0.0997918541235342,0.12225383238419729,0.12090885656188821,0.10065237669913873,0.08673630408591537,0.0834004149219385,-0.03417255247597284
22,18,143,0.0,0.06243761714886065,0.10476451861363334,0.13471700593533986,0.1329248626547216,0.12136631916369633,0.112470363470209,0.04232690146477269,-0.020454499184512587
22,19,143,0.0,-0.013206922872387228,0.05520519274065483,0.013825462176256353,0.005705421295795321,0.041151788288659286,0.04251143424666637,0.06841211561304206,0.03680601295087105
22,20,143,0.0,0.0510716036871135,0.10036876781774906,0.0901318237828076,0.08320389421575969,0.08553570132702171,0.07769148590305408,0.04929716413063556,-0.005512408312705608
22,21,143,0.0,0.06437700469447316,0.09535866934906467,0.038653324176340154,0.023737080465303095,0.0744174176609137,0.06298359912277329,0.030981664654591512,0.0392465186574702
66,0,47,0.0,-0.2053709016077956,-0.010355136109203578,-0.021743451695534155,-0.0344886027260356,-0.031930795800899414,-0.037890835860153294,0.195015765498592,-0.0034022331341176937
66,1,47,0.0,-0.16414598416940196,0.00942198576403297,-0.007875650467162432,-0.023447419831022165,-0.008720753341621146,-0.009367121712088755,0.17356796993343493,0.01408029811893341
66,2,47,0.0,-0.17238629551592655,0.003620776505667833,-0.009905774043318827,-0.02112882024425966,-0.011616861171273474,-0.013545175367150719,0.17600707202159438,0.0075836448771089415
66,3,47,0.0,-0.1744927997477661,0.0042875450218995415,-0.011035156344185282,-0.029545492657284678,-0.01357308009220426,-0.01141496954645449,0.17878034476966564,0.018130523110830188
66,4,47,0.0,-0.14293680558421928,0.00913124563237988,0.004492255312379845,-0.014777644985859428,0.0004093072036881473,-0.003799478920488264,0.15206805121659916,0.010978166065371164
66,5,47,0.0,-0.1399036298243186,0.02328496092076815,0.022317466877469716,0.004317111465625967,0.021121352610494526,0.01641197923849891,0.16318859074508674,0.012094867772872941
66,6,47,0.0,-0.143579085942926,0.021438585288269474,0.007575452800997473,-0.010123911991072543,0.011362923999085117,0.017817482392006756,0.16501767123119548,0.0279413943830793
66,7,47,0.0,-0.14121620732925177,0.016251054489158534,0.03212262276126132,0.01582723358146909,0.01860245300092378,0.009719536193019462,0.1574672618184103,-0.006107697388449629
66,8,47,0.0,-0.11701319024821877,0.016601508076676263,0.026651933120873328,0.010468671476134839,0.014226666807003463,0.00978010416651498,0.13361469832489503,-0.0006885673096198586
66,9,47,0.0,-0.12204231872704474,0.017793883990424586,0.020915126276254137,0.005082688573722072,0.012564729518169226,0.011102544222766686,0.13983620271746933,0.006019855649044614
66,10,47,0.0,-0.21340416256742234,0.013205891605382991,0.006499130899495165,-0.008869256086067256,-0.002336550921494096,-0.02100114218626903,0.22661005417280533,-0.012131886100201772
66,11,47,0.0,-0.16396830926683048,0.009547511807246889,0.011588764263542495,-0.0031636133013583922,0.001583007023062688,-0.021297516877731626,0.17351582107407737,-0.018133903576373234
66,12,47,0.0,-0.13960112934311253,0.007631088056365587,-0.004001539896459239,-0.019432131889403514,-0.007542902387109196,-0.017347980506476013,0.14723221739947812,0.0020841513829275016
66,13,47,0.0,-0.1346102837881631,0.0027297263920690318,-0.00393843316030873,-0.01727167415765951,-0.009507658820515186,-0.021283184935252164,0.13734001018023212,-0.004011510777592653
66,14,47,0.0,-0.14593062275055235,0.002398793922886888,-0.004605160948950804,-0.017659879610029572,-0.009035120156340115,-0.019993088411996984,0.14832941667343924,-0.0023332088019674124
66,15,47,0.0,-0.14158794616285975,-0.0003801518677453153,0.0019412518819144076,-0.010204405958770701,-0.005852476144762253,-0.02544142613905853,0.14120779429511443,-0.01523702018028783
66,16,47,0.0,-0.13879050477939003,0.0019946359053785168,-0.006008705965136363,-0.018387015550578978,-0.01004730628144479,-0.022791785222863847,0.14078514068476855,-0.0044047696722848695
66,17,47,0.0,-0.19470910926307794,-0.004568717149272539,-0.0017513366267984942,-0.013797922736313417,-0.011604267307965488,-0.049342408038236085,0.1901403921138054,-0.03554448530192267
66,18,47,0.0,-0.12473599021724358,0.0056336696151260135,1.844723602018039e-05,-0.011574966281554744,-0.0013410207387574147,-0.01817715454646951,0.1303696598323696,-0.006602188264914766
66,19,47,0.0,-0.1022766265282522,0.012381245477465663,0.007341939027650124,-0.0038114134802731403,0.008923326757310557,-0.008484259459014654,0.11465787200571786,-0.004672845978741513
66,20,47,0.0,-0.013722837377553532,0.04497035723748577,0.0611415338173662,0.05196571824461538,0.06419066054568867,0.05671913179425603,0.0586931946150393,0.0047534135496406504
66,21,47,0.0,0.014538793916528348,0.06146075699725273,0.09180631808576045,0.08367803770481941,0.09558313204765412,0.09247620374367072,0.04692196308072438,0.008798166038851307
66,22,47,0.0,0.022499726130398745,0.06283724480907671,0.07397656649230289,0.06464581573255856,0.09031468667961795,0.10222184948379476,0.040337518678677964,0.03757603375123619
66,23,47,0.0,0.12527742173881606,0.12130205292217988,0.1874710006556065,0.17948806492615654,0.18833327417832813,0.24221463821708078,-0.003975368816636182,0.06272657329092424
66,24,47,0.0,0.17837553453741306,0.12456392530362081,0.12997267631292908,0.1204244495592125,0.16698912611743055,0.26772811456370493,-0.053811609233792246,0.14730366500449243
66,25,47,0.0,0.13396520430543213,0.10287920566432485,0.20716142657518655,0.19913276273881175,0.17780293247899426,0.1872700884727342,-0.031085998641107282,-0.011862674266077566
66,26,47,0.0,0.23439766569289522,0.13539818555414096,0.20293674854535926,0.1929022169936584,0.20472545233601813,0.24664767234905283,-0.09899948013875426,0.053745455355394434
66,27,47,0.0,0.14464075034270818,0.10384339020594535,0.2670002791770173,0.2582912998003859,0.2075695102174432,0.19010311967767501,-0.04079736013676283,-0.06818818012271088
66,28,47,0.0,0.3041992770000266,0.16845247214672188,0.2516411457559913,0.24245546058629186,0.24993764032499188,0.2922810531878156,-0.1357468048533047,0.04982559260152375
66,29,47,0.0,0.40119117989964936,0.206811158029927,0.2388257399521313,0.22884630763684422,0.2773691075207826,0.3257811859383162,-0.19438002186972236,0.09693487830147196
66,30,47,0.0,0.40913777715599153,0.29472364657286165,0.43159289868840645,0.5355036329084448,0.5010320798416522,0.5122531479724974,-0.11441413058312988,-0.02325048493594739
66,31,47,0.0,0.38793208442452654,0.25572038844395206,0.4713943393769192,0.4969886814423532,0.4597184300431836,0.46339673437825635,-0.13221169598057447,-0.03359194706409685
66,32,47,0.0,0.47618440533442896,0.3197360454024699,0.49966141167092337,0.5267507654416783,0.5188181621944404,0.5425125578372094,-0.15644835993195905,0.015761792395531105
66,33,47,0.0,0.3217158390959769,0.4891673562634188,0.6373065449910081,0.6657646449011302,0.6698044431113361,0.6576719855184509,0.1674515171674419,-0.008092659382679335
66,34,47,0.0,0.2920453465535927,0.3334750177970771,0.5153270066569218,0.5160477186682582,0.5486065017215767,0.5226506751497192,0.0414296712434844,0.006602956481461031
66,35,47,0.0,-1.0542501927146506,0.3213292638258616,-0.11571059028311792,-0.20219300710682897,0.01060572627787082,0.0629745187087627,1.3755794565405122,0.26516752581559166
66,36,47,0.0,-1.0118803552515598,0.26525174048952826,-0.01344609637907479,-0.08066911569326884,0.02625731136821452,0.04902695260282641,1.277132095741088,0.12969606829609526
66,37,47,0.0,-1.98463885246615,0.19459896440517344,-0.08925079803562497,-0.16259281987924745,-0.19361618359751454,-0.039434470938558785,2.1792378168713236,0.12315834894068867
66,38,47,0.0,-1.494370217258738,0.21960902601003085,0.10558901108651775,0.05631860215757489,0.007575751370582862,0.07696346447201852,1.7139792432687688,0.020644862314443624
66,39,47,0.0,-1.1258764173523592,0.19510708282696176,0.08111847939049532,0.0428373665197016,0.053387015974115326,0.13698530614883675,1.320983500179321,0.09414793962913515
66,40,46,0.0,-0.47297946224424625,0.19061035451542196,0.18650865463249644,0.16465311693475138,0.18526421154370099,0.18537138357183014,0.6635898167596682,0.020718266637078764
66,41,46,0.0,-0.4306653678909156,0.10233261511479153,-0.09976703597127767,-0.15018664884212707,0.055333037328937906,0.0756550363118923,0.5329979830057071,0.22584168515401937
66,42,46,0.0,-0.4797277170119314,0.10306727169299856,0.027627585309407454,-0.002570454598256111,0.07682331122333697,0.03552196411993647,0.58279498870493,0.03809241871819258
66,43,46,0.0,-0.37689859855101737,0.07567009077394382,-0.09029428957198649,-0.13626004090163346,0.04260727204528003,0.02063227716875804,0.4525686893249612,0.1568923180703915
66,44,46,0.0,-0.6309758326963826,0.06848943119262307,-0.0772865942804859,-0.1208841682560875,-0.009671961838044307,-0.04057627792385188,0.6994652638890057,0.08030789033223562
66,45,46,0.0,-0.42407642667171563,0.0642971911037512,-0.08586662061026118,-0.12885157131817881,0.014694315520365708,0.015033935101140483,0.48837361777546684,0.1438855064193193
66,46,46,0.0,-0.3212886374478314,0.05504848801632134,-0.028005256013356128,-0.058569535140383655,0.031153373046903576,0.01755667161141583,0.37633712546415277,0.07612620675179949
66,47,46,0.0,-0.44365459070654367,0.04503195286244421,-0.05335213910400172,-0.0913649461224193,0.026525460648711197,0.0009473504428860746,0.4886865435689879,0.09231229656530537
66,48,46,0.0,-0.2908971503444886,0.04513883680340147,-0.0404645258718741,-0.07220449691762454,0.02953150891191081,0.02319568263732752,0.33603598714789007,0.09540017955495206
66,49,46,0.0,-0.26316207815220216,0.04617388368891295,-0.017688288309003486,-0.045866193160770674,0.04781545362678985,0.04092479510713842,0.3093359618411151,0.0867909882679091
66,50,46,0.0,-0.24234825395055593,0.023267913037332222,-0.1406064451893645,-0.1860448118627236,0.006814792575267403,0.015282607748258181,0.26561616698788815,0.20132741961098177
66,51,46,0.0,-0.2694487520624935,0.02551288369204341,-0.05937412563960809,-0.09634551641636002,0.033817650277469635,0.016282141844952358,0.29496163575453693,0.11262765826131238
66,52,46,0.0,-0.24923036587159997,0.03407915545941087,-0.0668582194025451,-0.09512338502312656,0.02465658661073944,0.004974460076302423,0.28330952133101084,0.10009784509942898
66,53,46,0.0,-0.22329150637727113,0.030634280018151938,-0.044355693129409346,-0.06741754902139063,0.03313941662081088,-0.009465798934014336,0.25392578639542307,0.0579517500873763
66,54,46,0.0,-0.28099109154045876,0.028543373129188532,-0.03487204317298098,-0.05447069814354766,0.03239564012482887,-0.045368874009569904,0.3095344646696473,0.009101824133977754
66,55,46,0.0,-0.17613221267324652,0.006777154322779588,-0.2873187355844562,-0.2970040796170119,-0.1828629143076297,-0.015629633920020813,0.1829093669960261,0.2813744456969911
66,56,46,0.0,-0.38248784240790723,-0.010500837306108401,-0.11004004537225143,-0.11328247922884893,-0.06736797635334946,-0.06471469241701433,0.37198700510179883,0.0485677868118346
66,57,46,0.0,-0.3206922719727636,-0.007094122198133768,-0.049221498339037995,-0.05031956987913455,-0.049406159987465115,-0.04102942650266428,0.31359814977462985,0.009290143376470272
66,58,46,0.0,-0.30112355372761024,-0.012802270044958597,-0.04743265475053571,-0.047260362082296226,-0.051037695074631406,-0.047892165696490796,0.28832128368265164,-0.0006318036141945704
66,59,46,0.0,-0.35201160193061365,-0.015856440113649173,-0.058787614958126344,-0.05984311213364557,-0.050594476865538196,-0.039700160834805764,0.3361551618169645,0.020142951298839806
66,60,46,0.0,-0.39190614217993147,-0.013464628889490626,-0.01694997315536928,-0.015441525982270887,-0.021713774752927018,-0.03001339617382226,0.37844151329044085,-0.014571870191551373
66,61,46,0.0,-0.39502620210799355,-0.021180564010993885,-0.020420463331219496,-0.020118896872258762,-0.04168076174963642,-0.05402881964897199,0.37384563809699967,-0.03390992277671323
66,62,46,0.0,-0.3942330562300078,-0.023363881858416535,-0.019649765571328137,-0.020666011568126308,-0.04111766942908579,-0.054409086159577846,0.3708691743715913,-0.03374307459145154
66,63,46,0.0,-0.33829357624052947,-0.022313817764693766,-0.017748250562572787,-0.02490762438514582,-0.0422567523192503,-0.06527441449403226,0.3159797584758357,-0.04036679010888644
66,64,46,0.0,-0.2920358736574491,-0.020440155357262624,-0.022475701013406235,-0.030228829742854124,-0.0429628395339412,-0.05792349981069522,0.2715957183001865,-0.0276946700678411
66,65,46,0.0,-0.23981244151104475,-0.016452673329951706,-0.03485164473247426,-0.04982629075294187,-0.04651264052542081,-0.05745602440039521,0.22335976818109304,-0.007629733647453341
